language,speedup,n_utts,wer_micro,cer_micro,wer_macro,cer_macro
en_us,1.2,645,0.0539800645795311,0.022339708078423816,0.057199925748315394,0.02354461638631177
en_us,1.4,645,0.0575600168468342,0.023953465966568718,0.05981096182326075,0.02474960771845986
en_us,1.6,645,0.07068650849361224,0.030830001445156317,0.07440488270190349,0.032089684351597106
es_419,1.2,903,0.03248987413440181,0.011172438351286389,0.035069764682197746,0.012210223018565136
es_419,1.4,903,0.03571273028178215,0.01289355767233449,0.03802603194250026,0.01379252591691097
es_419,1.6,903,0.04464091285222769,0.01608356331048399,0.04755308571802133,0.01716192373905662
sv_se,1.2,751,0.09269114179858538,0.02680204125026579,0.09887585264542485,0.02764502101604604
sv_se,1.4,751,0.11545975075783092,0.035551775462470764,0.12150019746854876,0.0366990773633984
sv_se,1.6,751,0.15661839003031325,0.05186051456517117,0.16580861057511057,0.05413840339880285
