language,speedup,n_utts,wer_micro,cer_micro,wer_macro,cer_macro
en_us,1.2,645,0.05454162571950021,0.022171106508020618,0.057010777213035504,0.023086419456234464
en_us,1.4,645,0.06184192053909869,0.026048942627294187,0.06414466726532386,0.02693670406118651
en_us,1.6,645,0.0774252421732416,0.034792138349631484,0.08138733572794193,0.03621260071537346
es_419,1.2,903,0.038238752667566746,0.014162141309831152,0.04045229611733269,0.015000311765549414
es_419,1.4,903,0.04647010147641653,0.017203774592717883,0.04926262687280982,0.01815847419554457
es_419,1.6,903,0.06206175689212142,0.022953203359150125,0.06704556707306839,0.0250240038374016
sv_se,1.2,751,0.1261030650050522,0.0376674463108654,0.1326532416809962,0.03843668981622591
sv_se,1.4,751,0.15156618390030313,0.04936210929194131,0.1593556354334801,0.050896155853631386
sv_se,1.6,751,0.21717750084203435,0.07786519243036359,0.2318550282393399,0.08129035149712108
