language,speedup,n_utts,wer_micro,cer_micro,wer_macro,cer_macro
en_us,1.2,645,0.07047592306612382,0.028602052121971193,0.07360779968141232,0.02939602003183272
en_us,1.4,645,0.07925031587814123,0.034611493809913775,0.0811770416192957,0.03495469234042401
en_us,1.6,645,0.11238242313631897,0.052712076689628594,0.11741090197226015,0.054689628313050555
es_419,1.2,903,0.05840337964374374,0.01887296358942402,0.0614381811793692,0.0200604373601742
es_419,1.4,903,0.06963982404947519,0.02304964539007092,0.07205967333002512,0.024084168418777144
es_419,1.6,903,0.10060537433038631,0.03667764622095611,0.10404866890282274,0.03852618155682085
sv_se,1.2,751,0.22364432468844728,0.06826493727408038,0.23588743401534498,0.07067303892539088
sv_se,1.4,751,0.27126978780734257,0.09029342972570699,0.2852757312944935,0.0931387666284393
sv_se,1.6,751,0.36753115527113506,0.14170742079523707,0.3875809953804258,0.14713990944159563
